rho,theta,gap_num,gap_closed,r_g,r_e
4.0,0.0,1.25,1.0,5.0,5.0
4.0,5.0,1.2499999999999998,1.0084450656351902,4.999999999999999,5.0
4.0,10.0,1.2500000000000002,1.0323759007129076,5.000000000000001,5.0
4.0,15.0,1.2499999999999998,1.0680004681646913,5.0,5.0
4.0,20.0,1.25,1.1101402839421584,5.000000000000001,5.0
4.0,25.0,1.2500000000000007,1.1532946501084727,5.000000000000001,5.0
4.0,30.0,1.2499999999999996,1.192424001771182,4.999999999999999,5.0
4.0,35.0,1.2500000000000002,1.2233969100938635,5.000000000000001,5.0
4.0,40.0,1.25,1.2431969070087154,5.000000000000001,5.0
4.0,45.0,1.25,1.25,5.0,5.0
4.0,50.0,1.25,1.2431969070087154,5.0,5.0
4.0,55.0,1.2500000000000002,1.2233969100938635,5.000000000000001,5.0
4.0,60.0,1.2499999999999996,1.192424001771182,4.999999999999999,5.0
4.0,65.0,1.2500000000000004,1.1532946501084727,5.000000000000001,5.0
4.0,70.0,1.25,1.1101402839421584,5.0,5.0
4.0,75.0,1.2499999999999996,1.0680004681646913,5.0,5.0
4.0,80.0,1.2500000000000002,1.0323759007129076,5.000000000000001,5.0
4.0,85.0,1.25,1.0084450656351902,5.0,5.0
4.0,90.0,1.25,1.0,5.0,5.0
16.0,0.0,2.1250000000000004,1.0,5.000000000000001,5.0
16.0,5.0,2.1250000000000004,1.051669655844824,5.0,5.0
16.0,10.0,2.1250000000000004,1.1879604380323114,5.000000000000001,5.0
16.0,15.0,2.125,1.3707320124663318,5.0,5.0
16.0,20.0,2.1250000000000004,1.566068824379966,5.0,5.0
16.0,25.0,2.1250000000000013,1.7501581178011176,5.000000000000001,5.0
16.0,30.0,2.125,1.9070182877990445,5.000000000000001,5.0
16.0,35.0,2.125,2.0259257137590407,5.000000000000001,5.0
16.0,40.0,2.125,2.0999085539554407,5.0,5.0
16.0,45.0,2.1250000000000004,2.125,5.0,5.0
16.0,50.0,2.1250000000000013,2.0999085539554407,5.000000000000001,5.0
16.0,55.0,2.1250000000000018,2.0259257137590407,5.000000000000001,5.0
16.0,60.0,2.1249999999999996,1.9070182877990447,4.999999999999999,5.0
16.0,65.0,2.1250000000000013,1.7501581178011176,5.000000000000001,5.0
16.0,70.0,2.1249999999999996,1.5660688243799663,4.999999999999999,5.0
16.0,75.0,2.125,1.3707320124663318,5.0,5.0
16.0,80.0,2.1250000000000004,1.1879604380323117,5.000000000000001,5.0
16.0,85.0,2.1250000000000004,1.0516696558448237,5.000000000000001,5.0
16.0,90.0,2.1250000000000004,1.0,5.000000000000001,5.0
64.0,0.0,4.062500000000001,1.0,5.0,5.0
64.0,5.0,4.0625,1.2114041343660824,5.000000000000001,5.0
64.0,10.0,4.062499999999998,1.677382636810979,5.0,5.0
64.0,15.0,4.062499999999995,2.208161353366189,4.999999999999999,5.0
64.0,20.0,4.0625000000000036,2.7213674120714173,5.000000000000001,5.0
64.0,25.0,4.0624999999999964,3.1777453734551666,5.000000000000001,5.0
64.0,30.0,4.062499999999998,3.5535798411601784,5.000000000000002,5.0
64.0,35.0,4.062499999999999,3.8327918988284564,4.999999999999997,5.0
64.0,40.0,4.0625000000000036,4.004548198391519,5.000000000000004,5.0
64.0,45.0,4.062500000000006,4.0625,5.0000000000000036,5.0
64.0,50.0,4.0625000000000036,4.004548198391519,5.0,5.0
64.0,55.0,4.0625000000000115,3.832791898828457,5.000000000000002,5.0
64.0,60.0,4.062500000000008,3.553579841160179,5.000000000000002,5.0
64.0,65.0,4.062499999999992,3.1777453734551666,4.999999999999998,5.0
64.0,70.0,4.062499999999998,2.721367412071418,4.999999999999999,5.0
64.0,75.0,4.0624999999999964,2.208161353366189,5.0,5.0
64.0,80.0,4.062499999999998,1.6773826368109797,4.999999999999999,5.0
64.0,85.0,4.062499999999999,1.2114041343660822,5.0,5.0
64.0,90.0,4.062500000000001,1.0,5.0,5.0
