C,theta_max,pi_min,pi_rank,pi_aniso,feas,dJ_oracle,dJ_analytic,dJ_energy,dJ_pidiag,dJ_random,rate_oracle,rate_energy,rate_pidiag,rate_random,amgm,J0,ratio_energy,ratio_pidiag,ratio_random,feas_ok,oracle_feas_ok,phi
2.0,4.103704628878902,0.0492005426981234,4,191.56600093986611,False,16.176484193074256,nan,16.50341809868275,16.3999984799258,31.672317282496955,1.9999999999999991,1.9999999999999998,1.9999999999999998,1.9999999999999998,1.4715612364573545,83.23919845775252,1.0202104426219183,1.0138172352028902,1.9579234217072354,True,True,0.0
2.0,3.4622017534572977,0.0492005426981234,4,191.56600093986611,False,16.272629751491923,nan,16.56886186772104,16.441434987872952,31.972505405598305,2.0000000000000067,2.0000000000000004,2.0000000000000004,2.0000000000000013,1.4167376541836527,82.90683887101915,1.018204317357,1.010373568314338,1.9648026098957343,True,True,3.0
2.0,3.4215878042078547,0.0492005426981234,4,191.56600093986611,False,16.383686753041072,nan,16.66985865713964,16.526125608969398,32.337765430082534,2.000000000000006,2.0,2.0,2.0,1.4167376541836525,82.62203412815515,1.017466880831657,1.008693944047843,1.9737783026204485,True,True,6.0
2.0,3.3973655622341954,0.0492005426981234,4,191.56600093986611,False,16.453103611173393,nan,16.7333386269981,16.57891870330729,32.63260320644364,2.0000000000000093,2.0000000000000004,2.000000000000001,2.000000000000001,1.4167376541836527,82.13050461006829,1.0170323497892761,1.0076468911341723,1.9833706744715727,True,True,9.0
2.0,3.3877845096783834,0.0492005426981234,4,191.56600093986611,False,16.480648809968216,nan,16.758606277462647,16.599839758877753,32.85223010772211,2.00000000000001,1.9999999999999984,1.9999999999999987,1.9999999999999991,1.416737654183653,81.4376356170178,1.0168656871886204,1.007232175764673,1.9933820862593494,True,True,12.0
2.0,3.392485924427656,0.0492005426981234,4,191.56600093986611,False,16.466230676094195,nan,16.745384770867187,16.58889919803132,32.99236010960341,2.000000000000014,2.0,2.0000000000000004,2.0000000000000004,1.4167376541836532,80.55101836668383,1.0169531266908747,1.0074497026277676,2.0036376726764784,True,True,15.0
2.0,3.4114850694639465,0.0492005426981234,4,191.56600093986611,False,16.409897183464217,nan,16.693818964804727,16.546091547624865,33.049338902918514,2.0000000000000173,2.0,2.0000000000000004,2.0000000000000004,1.4167376541836525,79.48036682319753,1.0173018622948236,1.0082995257458338,2.0139881763684286,True,True,18.0
2.0,3.445075627006084,0.0492005426981234,4,191.56600093986611,False,16.31183605483929,nan,16.60447382503737,16.471395873219286,33.020276542167494,2.000000000000021,1.9999999999999998,1.9999999999999998,2.0000000000000004,1.4167376541836527,78.2374112689176,1.0179402103610073,1.0097818429417489,2.024313905016919,True,True,21.0
2.0,3.4957455766027343,0.0492005426981234,4,191.56600093986611,False,16.172375172454483,nan,16.47832823561306,16.36477747315272,32.90317812918914,1.9999999999999951,1.9999999999999971,1.9999999999999978,1.9999999999999978,1.416737654183652,76.83576978500192,1.0189182516418298,1.0118969723770659,2.034529732233229,True,True,24.0
2.0,4.264731658203365,0.0492005426981234,4,191.56600093986611,False,15.991983345978895,nan,16.31676427400718,16.22619081636982,32.6970667724942,2.0000000000000018,2.000000000000002,2.000000000000002,2.000000000000002,1.4167376541836523,75.2907990488606,1.0203089836327244,1.0146453047957815,2.0445910969958407,True,True,27.0
2.0,5.006279998676744,0.0492005426981234,4,191.56600093986611,False,15.771271526398507,nan,16.121552068792543,16.05558369672639,32.4020930564164,1.999999999999998,1.9999999999999998,1.9999999999999998,1.9999999999999987,1.4167376541836532,73.61942608318468,1.0222100381575274,1.018027219292496,2.0545009958252662,True,True,30.0
2.0,5.67840837580298,0.0492005426981234,4,191.56600093986611,False,15.510994602220116,nan,15.89483040574024,15.85290256677902,32.01962550415981,1.9999999999999971,1.9999999999999984,1.9999999999999984,1.9999999999999991,1.4167376541836532,71.83996279994345,1.0247460471338947,1.0220429426562991,2.064318009599255,True,True,33.0
2.0,6.275265876082022,0.0492005426981234,4,191.56600093986611,False,15.212053974211166,nan,15.639083294835235,15.618099006637914,31.55231701783678,2.000000000000018,2.000000000000002,2.000000000000002,2.0000000000000018,1.4167376541836532,69.97190537124467,1.0280717726447728,1.0266923213075048,2.0741654658422255,True,True,36.0
2.0,6.792827361762485,0.0492005426981234,4,191.56600093986611,False,14.87550118262389,nan,15.357112754943127,15.351137279403027,31.004143008513857,2.0000000000000178,2.0000000000000013,2.0000000000000018,2.0000000000000018,1.4167376541836523,68.03572062519336,1.0323761577110295,1.031974458604106,2.084241910768686,True,True,39.0
2.0,7.228628404742102,0.0492005426981234,4,191.56600093986611,False,14.50254296480189,nan,15.052008114305115,15.052002925569328,30.3804078617268,2.000000000000025,1.9999999999999998,1.9999999999999991,2.000000000000001,1.4167376541836523,66.05262180703996,1.0378875036493114,1.0378871458682104,2.094833156878829,True,True,42.0
2.0,7.581468502518615,0.0492005426981234,4,191.56600093986611,False,14.094548263059563,nan,14.72711216321126,14.72071235686816,29.68771748147106,2.000000000000018,2.000000000000001,2.000000000000001,2.0000000000000018,1.4167376541836527,64.04433616242622,1.0448800407324572,1.0444259781953928,2.106326284984931,True,True,45.0
4.0,53.080426019137526,0.0492005426981234,4,191.56600093986611,False,4.069687095318074,nan,4.506117032270642,4.347784140448018,16.35010817129683,3.9999999999999534,3.9999999999999987,4.0,3.9999999999999996,0.7357806182286772,83.23919845775252,1.1072391873701184,1.0683337658686038,4.01753446600517,True,True,0.0
4.0,52.89682396783761,0.0492005426981234,4,191.56600093986611,False,4.091728999843601,nan,4.338239901687649,4.306383181725628,16.53576880596033,3.9999999999999596,4.000000000000001,4.000000000000001,4.000000000000001,0.7083688270918264,82.90683887101915,1.0602461457866517,1.0524605079882445,4.041266859704634,True,True,3.0
4.0,58.58439886769385,0.0492005426981234,4,191.56600093986611,False,4.11934925904261,nan,4.3382399016876505,4.30230663964509,16.77869020006552,3.9999999999999547,4.000000000000001,3.9999999999999996,4.000000000000001,0.7083688270918262,82.62203412815515,1.0531371896093882,1.0444141462879994,4.073140961095661,True,True,6.0
4.0,68.49307541590998,0.0492005426981234,4,191.56600093986611,False,4.136615063869908,nan,4.3382399016876505,4.299634920764948,16.994521604218487,3.999999999999957,4.000000000000001,4.000000000000001,4.000000000000001,0.7083688270918264,82.13050461006829,1.0487415035493095,1.0394089985115826,4.1083159399220675,True,True,9.0
4.0,86.55532598409519,0.0492005426981234,4,191.56600093986611,False,4.143466763782084,nan,4.338239901687653,4.298548272041426,17.17934784186638,3.999999999999957,3.9999999999999982,3.9999999999999982,3.9999999999999982,0.7083688270918265,81.4376356170178,1.0470072885845436,1.037427959991113,4.146129031860599,True,True,12.0
4.0,73.13782947227237,0.0492005426981234,4,191.56600093986611,False,4.139880749957463,nan,4.338239901687653,4.299118508478687,17.32930751977856,3.9999999999999565,4.0,4.0,4.0,0.7083688270918266,80.55101836668383,1.0479142187204857,1.0384643346364166,4.185943645830044,True,True,15.0
4.0,61.05447564753348,0.0492005426981234,4,191.56600093986611,False,4.125869378382357,nan,4.3382399016876505,4.301308047392685,17.44071559369634,3.9999999999999583,4.000000000000001,4.000000000000001,4.000000000000001,0.7083688270918262,79.48036682319753,1.0514729148765631,1.042521624637354,4.227161355392782,True,True,18.0
4.0,54.40750615853936,0.0492005426981234,4,191.56600093986611,False,4.101481009924174,nan,4.338239901687652,4.304970413733129,17.510192990035993,3.999999999999961,4.0,4.000000000000001,4.0,0.7083688270918264,78.2374112689176,1.0577252195464524,1.0496136403695593,4.269236636148587,True,True,21.0
4.0,50.14791540923328,0.0492005426981234,4,191.56600093986611,False,4.06680017138718,nan,4.338239901687654,4.309852211072568,17.534797962934572,3.9999999999999605,3.999999999999997,3.9999999999999973,3.999999999999997,0.708368827091826,76.83576978500192,1.0667452834811617,1.0597649329798478,4.311694015925419,True,True,24.0
4.0,47.0224786725964,0.0492005426981234,4,191.56600093986611,False,4.021947853555128,nan,4.338239901687648,4.315596537278308,17.512153624562103,3.9999999999999685,4.000000000000003,4.000000000000003,4.0000000000000036,0.7083688270918261,75.2907990488606,1.0786415089526682,1.073011559178624,4.354147358992373,True,True,27.0
4.0,44.502679447026296,0.0492005426981234,4,191.56600093986611,False,3.9670819756227704,nan,4.338239901687651,4.3217478086711125,17.44056608638733,3.999999999999967,3.9999999999999996,3.9999999999999996,3.9999999999999987,0.7083688270918266,73.61942608318468,1.0935594294107358,1.089402194163801,4.396321072656794,True,True,30.0
4.0,42.33781835808971,0.0492005426981234,4,191.56600093986611,False,3.9023980614217098,nan,4.338239901687653,4.327757941947347,17.31912789182221,3.999999999999968,3.9999999999999987,3.9999999999999987,3.9999999999999982,0.7083688270918266,71.83996279994345,1.1116856439056242,1.1089996135275526,4.438073107670763,True,True,33.0
4.0,40.3981559377794,0.0492005426981234,4,191.56600093986611,False,3.828130192993678,nan,4.3382399016876505,4.33299382963832,17.147801897613043,3.999999999999975,4.000000000000002,4.000000000000003,4.000000000000002,0.7083688270918266,69.97190537124467,1.13325296763093,1.1318825669954102,4.479419725326296,True,True,36.0
4.0,38.86645105869623,0.0492005426981234,4,191.56600093986611,False,3.7445523334220567,nan,4.338239901687648,4.3367460328026235,16.927481453461887,3.9999999999999813,4.000000000000002,4.000000000000002,4.0000000000000036,0.7083688270918261,68.03572062519336,1.158547007867035,1.1581480632798034,4.520562124976971,True,True,39.0
4.0,40.01758456722333,0.0492005426981234,4,191.56600093986611,False,3.6519801462794685,nan,4.3382399016876505,4.338238604503704,16.660023608185323,3.999999999999996,4.0,4.0,4.0,0.7083688270918261,66.05262180703996,1.187914426672698,1.187914071472534,4.561915164067382,True,True,42.0
4.0,41.41020037995446,0.0492005426981234,4,191.56600093986611,False,3.550773487692061,nan,4.33823990168765,4.336639950101874,16.348253099557734,3.9999999999999787,4.000000000000001,4.000000000000001,4.000000000000003,0.7083688270918264,64.04433616242622,1.221773204268073,1.2213226118573428,4.604138550720059,True,True,45.0
6.0,74.88433438256041,0.0492005426981234,4,191.56600093986611,False,1.042987820893851,nan,2.253058516135321,1.334730555578574,8.929141026773253,6.0000000000000036,6.0,6.000000000000001,6.0,0.3678903091143386,83.23919845775252,2.1601963810127978,1.2797182563787721,8.561117251705673,True,True,0.0
6.0,78.24237910601015,0.0492005426981234,4,191.56600093986611,False,1.0465038119377288,nan,2.1691199508438244,1.2726202301887959,9.042136211452586,6.000000000000007,6.000000000000001,6.000000000000001,6.000000000000001,0.3541844135459132,82.90683887101915,2.072730100072388,1.2160684133891353,8.640328022035556,True,True,3.0
6.0,81.9245824769599,0.0492005426981234,4,191.56600093986611,False,1.053264885557195,nan,2.1691199508438253,1.2463518973140144,9.197803733768065,5.999999999999992,6.000000000000001,6.000000000000001,6.0,0.3541844135459131,82.62203412815515,2.0594249182591176,1.1833223668656465,8.732659618574743,True,True,6.0
6.0,85.65516240837454,0.0492005426981234,4,191.56600093986611,False,1.0574929270446929,nan,2.169119950843825,1.2298139751293609,9.342516956751945,5.999999999999991,6.000000000000001,6.000000000000001,6.000000000000001,0.3541844135459132,82.13050461006829,2.051190977613178,1.1629524355933447,8.834590490227555,True,True,9.0
6.0,89.41270672182459,0.0492005426981234,4,191.56600093986611,False,1.0591712522353776,nan,2.169119950843826,1.2232254003323457,9.473504687576995,5.999999999999984,5.999999999999998,5.999999999999998,5.999999999999998,0.35418441354591323,81.4376356170178,2.0479407331589727,1.1548891624000674,8.944261532385054,True,True,12.0
6.0,86.8260070127945,0.0492005426981234,4,191.56600093986611,False,1.0582932684230975,nan,2.1691199508438257,1.2266733360905282,9.587954416418533,5.999999999999986,5.999999999999998,6.000000000000001,6.000000000000001,0.3541844135459133,80.55101836668383,2.049639750686412,1.1591052997231328,9.059827462292185,True,True,15.0
6.0,83.0844422016016,0.0492005426981234,4,191.56600093986611,False,1.054862427111704,nan,2.169119950843825,1.2401121723346389,9.683103329052534,5.999999999999989,6.000000000000001,6.000000000000001,6.000000000000001,0.3541844135459131,79.48036682319753,2.056306012133777,1.1756150759205286,9.179494008110261,True,True,18.0
6.0,79.38465272946455,0.0492005426981234,4,191.56600093986611,False,1.0488922486952041,nan,2.1691199508438253,1.263364048861591,9.756334522081122,5.999999999999987,6.0,6.000000000000001,5.999999999999998,0.3541844135459132,78.2374112689176,2.068010278026324,1.204474578235452,9.301560321584757,True,True,21.0
6.0,75.74590762462034,0.0492005426981234,4,191.56600093986611,False,1.0404064211202368,nan,2.169119950843826,1.2961208955525287,9.805274484507116,5.999999999999987,5.999999999999997,5.999999999999998,5.999999999999997,0.354184413545913,76.83576978500192,2.0848775121055767,1.2457832528147572,9.424465560246622,True,True,24.0
6.0,72.18406314636708,0.0492005426981234,4,191.56600093986611,False,1.0294389804490505,nan,2.169119950843823,1.337947967505431,9.827887770291897,6.000000000000032,6.000000000000003,6.000000000000003,6.000000000000003,0.35418441354591307,75.2907990488606,2.10708938755907,1.2996865214116977,9.546838576099852,True,True,27.0
6.0,68.72762811911356,0.0492005426981234,4,191.56600093986611,False,1.0160345879287114,nan,2.1691199508438257,1.3882888366572934,9.822564823528577,6.000000000000029,5.999999999999998,6.000000000000001,6.000000000000001,0.3541844135459133,73.61942608318468,2.134887903044516,1.3663795043507916,9.667549648632399,True,True,30.0
6.0,68.324041514019,0.0492005426981234,4,191.56600093986611,False,1.0002489262219862,nan,2.1691199508438266,1.4464717857394278,9.78819913026853,6.000000000000029,6.0,6.0,5.999999999999998,0.3541844135459133,71.83996279994345,2.1685801343839,1.446111810589848,9.785763197206599,True,True,33.0
6.0,68.43387709997091,0.0492005426981234,4,191.56600093986611,False,0.9821492476891452,nan,2.1691199508438244,1.5117175353884207,9.724250250523164,6.000000000000039,6.000000000000001,6.000000000000001,6.0000000000000036,0.3541844135459133,69.97190537124467,2.208544124986553,1.5391932936315664,9.900990377381966,True,True,36.0
6.0,68.55801879151284,0.0492005426981234,4,191.56600093986611,False,0.9618151211214501,nan,2.1691199508438235,1.5827980929583518,9.630789814889669,6.0000000000000595,6.000000000000001,6.000000000000003,6.000000000000003,0.35418441354591307,68.03572062519336,2.255235858960804,1.6456365243175348,10.013140366997384,True,True,39.0
6.0,68.6945252027927,0.0492005426981234,4,191.56600093986611,False,0.9393394416494167,nan,2.1691199508438253,1.6478577993642174,9.508528230362865,5.999999999998996,6.0,6.0,6.0,0.35418441354591307,66.05262180703996,2.3091971386137016,1.7542729776902481,10.122568912539785,True,True,42.0
6.0,68.84229150084762,0.0492005426981234,4,191.56600093986611,False,0.9148297938507051,nan,2.169119950843825,1.7014644751977615,9.35882060126675,5.999999999998993,6.000000000000001,6.000000000000001,6.000000000000001,0.3541844135459132,64.04433616242622,2.3710639568411485,1.8598699852526126,10.230122219646526,True,True,45.0
8.0,77.01996951408346,0.0492005426981234,4,191.56600093986611,False,0.28631300226910517,nan,1.1265292580676605,0.573612560147586,5.129707399998929,7.999999999999914,8.0,8.0,8.0,0.1839451545571693,83.23919845775252,3.934607402177416,2.0034457240906174,17.916431874712853,True,True,0.0
8.0,80.09430215011832,0.0492005426981234,4,191.56600093986611,False,0.28519751495334045,nan,1.0845599754219122,0.5071181019795488,5.198100768227429,7.999999999999916,8.000000000000002,8.000000000000002,8.000000000000002,0.1770922067729566,82.90683887101915,3.802838098359135,1.778129455519679,18.226318588637987,True,True,3.0
8.0,83.22624645730788,0.0492005426981234,4,191.56600093986611,False,0.28674379216791107,nan,1.0845599754219126,0.4755461932240713,5.2962995150637155,7.9999999999999165,8.000000000000002,8.0,8.000000000000002,0.17709220677295656,82.62203412815515,3.7823311438485034,1.6584358797403418,18.470494077731647,True,True,6.0
8.0,86.36573983030648,0.0492005426981234,4,191.56600093986611,False,0.28771239283738637,nan,1.0845599754219124,0.45569183956365866,5.389661672583349,7.999999999999918,8.000000000000002,8.000000000000002,8.000000000000002,0.1770922067729566,82.13050461006829,3.7695977038948767,1.5838450164404752,18.7328102881879,True,True,9.0
8.0,89.50931075149141,0.0492005426981234,4,191.56600093986611,False,0.28809737434872984,nan,1.084559975421913,0.4477868036132662,5.476338556062208,7.999999999999919,7.999999999999999,7.9999999999999964,8.0,0.17709220677295662,81.4376356170178,3.7645604298673634,1.5542897765921289,19.00863750821043,True,True,12.0
8.0,87.34650508513663,0.0492005426981234,4,191.56600093986611,False,0.2878963980395363,nan,1.0845599754219128,0.4519233330222142,5.5544402642688,7.9999999999999165,7.999999999999999,7.999999999999999,8.000000000000002,0.17709220677295665,80.55101836668383,3.767188415024811,1.5697429217580985,19.29319123855804,True,True,15.0
8.0,84.20515159417144,0.0492005426981234,4,191.56600093986611,False,0.28711068929406935,nan,1.0845599754219124,0.4680531586887354,5.622097479105109,7.99999999999993,8.000000000000002,8.0,8.000000000000002,0.17709220677295656,79.48036682319753,3.7774977242699106,1.6302185050635232,19.581637635743853,True,True,18.0
8.0,81.06998564958523,0.0492005426981234,4,191.56600093986611,False,0.2857450583879916,nan,1.0845599754219126,0.4959880189634477,5.677526246280216,7.999999999999922,8.0,8.0,7.999999999999999,0.1770922067729566,78.2374112689176,3.7955511165805387,1.7357711162584064,19.869201862350785,True,True,21.0
8.0,77.94424261750885,0.0492005426981234,4,191.56600093986611,False,0.2838079835535304,nan,1.084559975421913,0.5354017038878236,5.719093091142122,7.99999999999993,7.999999999999997,7.9999999999999964,7.999999999999997,0.1770922067729565,76.83576978500192,3.8214568943489535,1.8864927518391637,20.151276294394364,True,True,24.0
8.0,74.83137186285104,0.0492005426981234,4,191.56600093986611,False,0.28131176217259124,nan,1.0845599754219115,0.584873530464534,5.745377764597478,7.99999999999994,8.000000000000002,8.000000000000002,8.000000000000004,0.17709220677295653,75.2907990488606,3.855366611924705,2.079093763970312,20.42352484739887,True,True,27.0
8.0,72.01335553117805,0.0492005426981234,4,191.56600093986611,False,0.27827274100525423,nan,1.0845599754219128,0.631847545850689,5.755230971535379,7.9999999999999325,7.999999999999999,7.999999999999999,8.000000000000002,0.17709220677295665,73.61942608318468,3.8974711339097157,2.270605247097339,20.681978948943158,True,True,30.0
8.0,72.01014918944053,0.0492005426981234,4,191.56600093986611,False,0.2747116424221131,nan,1.0845599754219133,0.6729651852233745,5.747824606331675,7.999999999999939,7.999999999999999,8.0,8.000000000000002,0.17709220677295665,71.83996279994345,3.947994216260457,2.4497148329422376,20.923119805383976,True,True,33.0
8.0,72.02930967309082,0.0492005426981234,4,191.56600093986611,False,0.27065401136307293,nan,1.0845599754219122,0.7086351289797259,5.722692299838067,7.999999999999934,8.000000000000002,8.000000000000002,8.000000000000002,0.17709220677295665,69.97190537124467,4.007182343094899,2.618232500641258,21.143940453782058,True,True,36.0
8.0,72.05152655140014,0.0492005426981234,4,191.56600093986611,False,0.2661308180463689,nan,1.0845599754219117,0.7391745389977089,5.679758458045623,7.999999999999942,8.000000000000002,8.000000000000002,8.000000000000002,0.17709220677295653,68.03572062519336,4.075288925136603,2.7774856907737755,21.341979481143817,True,True,39.0
8.0,72.07627241753012,0.0492005426981234,4,191.56600093986611,False,0.2611792654911263,nan,1.0845599754219126,0.7649935005950623,5.619354428455992,7.999999999999951,8.0,7.999999999999999,8.0,0.17709220677295653,66.05262180703996,4.152550063200791,2.928997825139582,21.515315995277245,True,True,42.0
8.0,72.10334445754259,0.0492005426981234,4,191.56600093986611,False,0.25584387038960055,nan,1.0845599754219124,0.7862673239977338,5.542220946687341,7.999999999999936,8.000000000000002,8.0,8.000000000000002,0.1770922067729566,64.04433616242622,4.239147780911609,3.0732310404794974,21.662512133855756,True,True,45.0
